,limit_bal,gender,education,marriage,age,pay_stat_sep,pay_stat_aug,pay_stat_jul,pay_stat_jun,pay_stat_may,pay_stat_apr,bill_amt_sep,bill_amt_aug,bill_amt_jul,bill_amt_jun,bill_amt_may,bill_amt_apr,pay_amt_sep,pay_amt_aug,pay_amt_jul,pay_amt_jun,pay_amt_may,pay_amt_apr,pay_status_total,total_bill_amount,total_paid_amount,intercept
0,-0.1234813542086516,-0.06353200634166684,-0.012101520336669988,-0.08751937827692557,0.033953883825937836,0.4964979848527586,0.026491951979347624,0.1257947028287054,0.05996350814700415,0.12296154948043507,0.1498487548832213,-0.0579007535249215,0.06521525303664313,0.12322536207753719,-0.022150256234414006,-0.024383319717984117,0.03475850092216097,-0.15347817684037915,-0.09290273230622932,-0.04778149108596342,-0.052218750036749445,0.03017962890173396,-0.013106949266298932,0.32419377489493795,-0.2670837583483969,-0.14109478681564863,-0.2525157580637369
