,limit_bal,gender,education,marriage,age,pay_stat_sep,pay_stat_aug,pay_stat_jul,pay_stat_jun,pay_stat_may,pay_stat_apr,bill_amt_sep,bill_amt_aug,bill_amt_jul,bill_amt_jun,bill_amt_may,bill_amt_apr,pay_amt_sep,pay_amt_aug,pay_amt_jul,pay_amt_jun,pay_amt_may,pay_amt_apr,pay_status_total,total_bill_amount,total_paid_amount,intercept
0,-0.18987400560230927,-0.06140694898939318,-0.20296542384488397,-0.16367472988631818,0.35208564864919223,3.934527573552236,3.2319479183348463,3.494158344322989,3.330468414356913,2.9124041815873922,2.8243307210505506,-0.1106549436513962,0.3002077554426288,0.021291795240930663,0.28701443873508853,0.05729478730416921,0.08195521231123523,-0.7251910119677523,-0.33252307785134766,-0.27716352180150355,-0.13504853053338428,-0.23656657601851538,-0.2584765601250978,-14.25441942015832,-0.3221444971784497,0.44736868940366903,-0.06297346829058036
