,limit_bal,gender,education,marriage,age,pay_stat_sep,pay_stat_aug,pay_stat_jul,pay_stat_jun,pay_stat_may,pay_stat_apr,bill_amt_sep,bill_amt_aug,bill_amt_jul,bill_amt_jun,bill_amt_may,bill_amt_apr,pay_amt_sep,pay_amt_aug,pay_amt_jul,pay_amt_jun,pay_amt_may,pay_amt_apr,pay_status_total,total_bill_amount,total_paid_amount,intercept
0,-0.881552115204084,-1.0964615162602838,-1.185719101409107,-0.2844943848241451,1.8224670967356498,20.027500879469514,12.666189857879731,13.91256809248961,10.479228646099992,12.634087692167878,10.37704549154563,-2.1507829458683076,1.6109805862168087,2.121727025976978,1.576027254598592,0.15822335522502778,5.489746061271731,-1.644524396290952,-1.3678335251280376,-2.4494961582035475,-1.3650480472559168,-1.028636371141736,-0.10819598262121682,-56.739760540655645,-5.3319117091556345,-3.2821697924041757,-2.3466349785803082
