,limit_bal,gender,education,marriage,age,pay_stat_sep,pay_stat_aug,pay_stat_jul,pay_stat_jun,pay_stat_may,pay_stat_apr,bill_amt_sep,bill_amt_aug,bill_amt_jul,bill_amt_jun,bill_amt_may,bill_amt_apr,pay_amt_sep,pay_amt_aug,pay_amt_jul,pay_amt_jun,pay_amt_may,pay_amt_apr,pay_status_total,total_bill_amount,total_paid_amount,intercept
0,-0.8353878869561171,-0.6770422811151596,-0.40172417317241277,-1.170202781810191,0.011508600838003688,18.61739210084144,16.33550195197481,16.499971972630775,15.9232915822066,14.633653821547606,14.617146082524389,-2.2479474838774,3.9628254035853576,2.1326788118645084,0.3081530798668323,0.1930857871647185,1.7333871443531088,-2.8927286916408668,-1.0546823646751338,-0.7107006125337824,-0.8040137786727934,0.05964011658543432,-0.10220620967993431,-70.16422621942147,-6.907978777452012,-3.26936223887779,-0.5094479565350002
