,limit_bal,gender,education,marriage,age,pay_stat_sep,pay_stat_aug,pay_stat_jul,pay_stat_jun,pay_stat_may,pay_stat_apr,bill_amt_sep,bill_amt_aug,bill_amt_jul,bill_amt_jun,bill_amt_may,bill_amt_apr,pay_amt_sep,pay_amt_aug,pay_amt_jul,pay_amt_jun,pay_amt_may,pay_amt_apr,pay_status_total,total_bill_amount,total_paid_amount,intercept
0,-0.2871715990202128,-0.33947870414954573,-0.36612964672985665,-0.331340042008195,-0.06817822686005853,4.342401402013408,1.8256166478200382,1.7573779679423396,1.1025200798807764,1.0731926647512693,1.0871587911726146,-0.09447307950376108,0.22886557247188105,1.4227481422681818,0.0818905931817805,0.45115680315161055,0.8531815351281843,0.31520651850006476,-0.651655140352771,-0.04701626070388774,-0.3984791485274962,-0.1603519307503991,-0.13252805140681878,-2.5963162571431373,-1.8469515817103535,-2.6525420635695887,-6.900152614402641
