,limit_bal,gender,education,marriage,age,pay_stat_sep,pay_stat_aug,pay_stat_jul,pay_stat_jun,pay_stat_may,pay_stat_apr,bill_amt_sep,bill_amt_aug,bill_amt_jul,bill_amt_jun,bill_amt_may,bill_amt_apr,pay_amt_sep,pay_amt_aug,pay_amt_jul,pay_amt_jun,pay_amt_may,pay_amt_apr,pay_status_total,total_bill_amount,total_paid_amount,intercept
0,-0.20702700839914182,-0.03481562941884443,-0.054318099456573773,-0.23889900824870539,0.05271024011665882,5.615559964852229,4.443952147517404,4.477030274958862,4.308140083035564,3.5909913081396474,4.2272092943231945,-0.07807074512087951,0.17101142486915205,0.7530167926821938,0.41582174512158915,-0.1969668901961176,0.07874419840759389,0.12635543826120757,0.051070992439948164,0.42517380941658933,-0.2629220325458297,-0.22296460233659535,-0.17439206013350347,-19.27995725238703,-0.9933801564329213,-1.2918848258878939,-3.218172604075539
