,limit_bal,gender,education,marriage,age,pay_stat_sep,pay_stat_aug,pay_stat_jul,pay_stat_jun,pay_stat_may,pay_stat_apr,bill_amt_sep,bill_amt_aug,bill_amt_jul,bill_amt_jun,bill_amt_may,bill_amt_apr,pay_amt_sep,pay_amt_aug,pay_amt_jul,pay_amt_jun,pay_amt_may,pay_amt_apr,pay_status_total,total_bill_amount,total_paid_amount,intercept
0,-0.27358914523195776,-0.1722897787873353,-0.15158610955800247,-0.257731057887507,0.20487892865681148,1.1731226076401458,0.3442106643582135,0.5051929062926866,0.16889045385626744,0.24530469562841764,0.19752864360044095,-0.3575021449237764,0.48303552179333464,0.44176301169706034,0.11423796392418772,0.03555230274729362,0.33611381091435644,-0.37814156932036747,-0.10204176048008365,-0.4548396862957168,-0.29962532614063486,-0.04836118797474175,0.018132775643258384,0.8288378481429658,-1.5914037425191245,-0.6250940648892189,-0.4805382246891797
